Title,Authors,DOI,Abstract,Email,Affiliations
Second File Data,1,https://:aksjddnff,Abgtsd this is a parafgrapph called abstract,usan@gmail.com,"a Depaertment of university,b Deppartment of scompiyer Munich"
Second File Data,2,https://:aksjddnff,Abgtsd this is a parafgrapph called abstract,usan@gmail.com,"a Depaertment of mumbai university,b Deppartment of  Munich"
Second File Data,3,https://:aksjddnff,Abgtsd this is a parafgrapph called abstract,usan@gmail.com,"a Depaertment of mumbai university,b Department of scompiyer Munich"
Second File Data,4,https://:aksjddnff,Abgtsd this is a parafgrapph called abstract,usan@gmail.com,"a Depaertment of mumbai university,b Deppartment of scompiyer Munich"
Second File Data,5,https://:aksjddnff,Abgtsd this is a parafgrapph called abstract,usan@gmail.com,"a Depaertment of mumbai university,b Deppartment of scompiyer Munich"
Second File Data,6,https://:aksjddnff,Abgtsd this is a parafgrapph called abstract,usan@gmail.com,"a Depaertment of mumbai university,b Deppartment of scompiyer Munich"
Second File Data,7,https://:aksjddnff,Abgtsd this is a parafgrapph called abstract,usan@gmail.com,"a Depaertment of mumbai university,b Deppartment of scompiyer Munich"
Second File Data,8,https://:aksjddnff,Abgtsd this is a,usan@gmail.com,"a Depaertment of mumbai university,b Deppartment of scompiyer Munich"
Second File Data,9,https://:aksjddnff,Abgtsd this is a  called abstract,usan@gmail.com,"a Depaertment of mumbai university,b Deppartment of scompiyer Munich"
Second File Data,10,https://:aksjddnff,Abgtsd this is a parafgrapph called abstract,usan@gmail.com,"a Depaertment of mumbai university,b Deppartment of scompiyer Munich"
Second File Data,11,https://:aksjddnff,Abgtsd this is a parafgrapph called abstract,usan@gmail.com,"a Depaertment of mumbai university,b Deppartment of scompiyer Munich"
